{"ave_accuracy": 0.49111675126903553, "precision": 0.21618204804045513, "recall": 0.21618204804045513, "f_score": 0.2989510489510489, "highest_errors": [180, 182, 181, 1256, 185, 184, 183, 1055, 1258, 938, 1491, 1257, 186, 865, 852, 590, 187, 910, 1259, 851]}