{"evas": -0.948699911413581, "rmse": 0.10413161158676561, "highest_errors": [308, 481, 425, 260, 428, 100, 436, 287, 497, 223, 238, 357, 435, 499, 354, 423, 485, 368, 424, 165]}