{"evas": -0.883624376234021, "rmse": 0.10237705043467571, "highest_errors": [427, 369, 431, 493, 422, 434, 426, 365, 135, 360, 496, 494, 283, 240, 490, 438, 306, 497, 364, 251]}