{"evas": -0.92154870777251, "rmse": 0.10336500176505663, "highest_errors": [499, 232, 483, 486, 370, 223, 422, 234, 338, 435, 231, 368, 438, 236, 283, 330, 225, 230, 431, 336]}