{"evas": -0.9341593395855741, "rmse": 0.1037349974883988, "highest_errors": [364, 229, 224, 496, 249, 482, 422, 354, 439, 435, 225, 235, 484, 366, 431, 478, 92, 232, 287, 495]}