{"ave_accuracy": 0.5050761421319797, "precision": 0.2266325224071703, "recall": 0.2266325224071703, "f_score": 0.3121693121693122, "highest_errors": [1058, 1057, 1056, 1059, 1063, 189, 197, 937, 190, 195, 185, 191, 194, 1060, 196, 188, 1569, 187, 1062, 1541]}