{"ave_accuracy": 0.49428934010152287, "precision": 0.2131782945736434, "recall": 0.2131782945736434, "f_score": 0.29281277728482696, "highest_errors": [200, 199, 198, 201, 202, 203, 1558, 197, 195, 196, 1512, 1491, 1557, 193, 1513, 1559, 194, 1568, 204, 1056]}